Ticker,Price,9 EMA,50 DMA,200 DMA,Score,Dist 50 DMA (%),Dist 200 DMA (%),Action Zone
RELIANCE,1182.0,1221.75,1283.89,1359.87,100,-7.94,-13.08,No
TCS,2032.4,2100.36,2282.11,2474.14,94,-10.94,-17.85,No
HINDUNILVR,1863.8,1919.7,2018.17,2172.92,100,-7.65,-14.23,No
HDFCBANK,722.7,725.88,725.98,805.89,90,-0.45,-10.32,50 DMA
INFY,1015.4,1024.1,1103.43,1243.93,98,-7.98,-18.37,No
KOTAKBANK,406.0,408.42,404.05,398.98,42,0.48,1.76,50 DMA
BHARTIARTL,1771.2,1803.31,1890.18,1892.01,90,-6.29,-6.39,No
ITC,265.1,265.94,271.97,297.08,95,-2.53,-10.76,50 DMA
ICICIBANK,1292.2,1328.34,1403.14,1344.85,78,-7.91,-3.92,200 DMA
SBIN,964.7,980.32,1026.34,1032.72,71,-6.01,-6.59,No
ASIANPAINT,2415.0,2434.7,2600.98,2550.48,86,-7.15,-5.31,No
DMART,3750.0,3779.63,3871.55,4004.3,90,-3.14,-6.35,50 DMA
BAJFINANCE,973.8,1001.99,1062.0,973.01,57,-8.3,0.08,200 DMA
MARUTI,11877.0,12106.84,13175.29,13847.95,99,-9.85,-14.23,No
HCLTECH,1222.0,1248.96,1298.72,1326.1,76,-5.91,-7.85,No
LT,3749.1,3840.38,3958.85,3951.55,81,-5.3,-5.12,No
WIPRO,156.79,163.36,176.14,198.64,100,-10.99,-21.07,No
AXISBANK,1212.1,1224.13,1241.55,1284.8,90,-2.37,-5.66,50 DMA
ULTRACEMCO,10829.0,11001.74,11452.72,11528.55,89,-5.45,-6.07,No
HDFCLIFE,523.55,536.44,541.98,619.58,92,-3.4,-15.5,50 DMA
ONGC,230.0,233.8,236.76,254.78,87,-2.85,-9.73,50 DMA
NTPC,323.5,325.68,334.0,354.56,76,-3.14,-8.76,50 DMA
POWERGRID,261.5,265.38,270.74,282.81,76,-3.41,-7.54,50 DMA
TITAN,4675.0,4835.65,4960.5,4399.62,22,-5.76,6.26,No
DABUR,380.4,384.57,398.02,444.64,98,-4.43,-14.45,50 DMA
IOC,131.33,134.79,137.65,146.77,97,-4.59,-10.52,50 DMA
BAJAJFINSV,1742.4,1799.84,1948.17,1884.69,83,-10.56,-7.55,No
PIDILITIND,1461.0,1527.15,1614.45,1492.2,50,-9.5,-2.09,200 DMA
BPCL,299.35,306.48,313.73,322.49,86,-4.58,-7.18,50 DMA
HINDZINC,563.3,580.45,577.46,583.19,41,-2.45,-3.41,50 DMA
BRITANNIA,4835.0,4928.27,5253.52,5488.27,98,-7.97,-11.9,No
SBILIFE,1735.0,1737.28,1783.34,1881.34,95,-2.71,-7.78,50 DMA
SHREECEM,21900.0,22303.46,24352.0,25204.98,96,-10.07,-13.11,No
BAJAJ-AUTO,10811.0,11231.83,11605.48,10142.81,20,-6.85,6.59,No
SBICARD,581.0,614.46,643.32,688.1,92,-9.69,-15.56,No
TECHM,1510.5,1542.16,1591.19,1491.71,35,-5.07,1.26,200 DMA
GODREJCP,855.0,869.91,943.06,1057.28,100,-9.34,-19.13,No
DIVISLAB,9431.0,9472.78,8769.82,7008.29,0,7.54,34.57,No
ICICIPRULI,444.55,467.18,494.81,551.76,100,-10.16,-19.43,No
ICICIGI,1515.0,1517.27,1574.86,1764.17,97,-3.8,-14.12,50 DMA
BERGEPAINT,448.2,454.36,497.26,487.26,85,-9.87,-8.02,No
HDFCAMC,2223.3,2356.9,2501.61,2561.23,94,-11.13,-13.19,No
INDIGO,4872.0,4916.32,5112.53,4825.42,63,-4.7,0.97,50 DMA
SIEMENS,3710.0,3825.14,3897.89,3498.86,19,-4.82,6.03,50 DMA
EICHERMOT,7179.0,7364.05,7768.7,7354.63,42,-7.59,-2.39,200 DMA
MARICO,787.15,812.31,838.65,796.09,52,-6.14,-1.12,200 DMA
M&M,2947.8,3021.25,3252.15,3254.64,90,-9.36,-9.43,No
JSWSTEEL,1272.4,1272.96,1286.17,1232.58,16,-1.07,3.23,50 DMA
GAIL,170.04,172.26,173.5,164.88,22,-2.0,3.13,50 DMA
CIPLA,1379.3,1385.15,1417.02,1373.04,67,-2.66,0.46,50 DMA
COLPAL,1785.1,1843.54,1929.42,2025.2,99,-7.48,-11.86,No
DLF,653.0,661.91,661.48,621.33,40,-1.28,5.1,50 DMA
TORNTPHARM,4894.0,4918.41,4944.47,4430.83,28,-1.02,10.45,50 DMA
PGHH,6871.5,7152.08,8006.64,9825.0,100,-14.18,-30.06,No
BIOCON,377.0,383.68,408.86,395.13,74,-7.79,-4.59,200 DMA
HEROMOTOCO,5208.0,5317.73,5440.53,5255.72,51,-4.27,-0.91,50 DMA
GRASIM,3100.0,3166.93,3230.76,2971.43,23,-4.05,4.33,50 DMA
AMBUJACEM,365.75,381.27,409.46,454.95,100,-10.68,-19.61,No
HAVELLS,1043.3,1088.32,1203.25,1262.44,99,-13.29,-17.36,No
PETRONET,282.95,286.16,284.96,279.4,24,-0.7,1.27,50 DMA
HINDPETRO,349.2,351.42,363.74,380.99,96,-4.0,-8.35,50 DMA
YESBANK,20.71,22.16,22.69,21.88,66,-8.73,-5.35,No
ALKEM,5250.0,5275.17,5399.43,5466.76,84,-2.77,-3.97,50 DMA
BOSCHLTD,45700.0,47329.67,45963.07,38756.15,11,-0.57,17.92,50 DMA
IGL,142.02,145.82,150.46,162.28,100,-5.61,-12.48,No
LUPIN,2052.1,2085.14,2216.39,2249.08,78,-7.41,-8.76,No
UPL,538.0,552.71,575.27,638.66,100,-6.48,-15.76,No
NAUKRI,1245.0,1261.89,1284.85,1141.23,36,-3.1,9.09,50 DMA
BANKBARODA,227.68,232.46,240.9,265.02,100,-5.49,-14.09,No
MRF,123080.0,124476.93,130462.7,134501.08,96,-5.66,-8.49,No
MUTHOOTFIN,2736.8,2801.29,2919.69,3300.28,100,-6.26,-17.07,No
NMDC,77.0,79.59,83.77,83.66,69,-8.08,-7.96,No
INDUSINDBK,878.0,927.21,993.49,923.56,59,-11.62,-4.93,200 DMA
UBL,1210.2,1235.14,1328.26,1432.86,100,-8.89,-15.54,No
PFC,324.1,337.66,369.17,392.73,86,-12.21,-17.48,No
AUROPHARMA,1697.7,1701.1,1641.08,1416.66,3,3.45,19.84,50 DMA
VEDL,260.0,263.39,269.25,461.26,90,-3.44,-43.63,50 DMA
ADANIGREEN,1260.0,1277.73,1322.79,1201.52,39,-4.75,4.87,50 DMA
HONAUT,33980.0,34110.39,36311.3,33726.28,66,-6.42,0.75,200 DMA
PNB,111.75,115.25,115.22,112.34,43,-3.01,-0.53,50 DMA
HINDALCO,955.2,974.3,1005.21,977.82,39,-4.98,-2.31,50 DMA
GLAXO,2783.8,2842.87,2798.27,2472.48,11,-0.52,12.59,50 DMA
3MINDIA,31890.0,33402.99,34269.7,33481.93,76,-6.94,-4.75,200 DMA
KANSAINER,181.33,181.81,196.08,203.93,97,-7.52,-11.08,No
CONCOR,443.5,465.91,501.56,490.22,75,-11.58,-9.53,No
NHPC,73.32,75.32,76.83,77.36,78,-4.57,-5.22,50 DMA
IDBI,83.32,83.6,85.02,87.34,84,-2.0,-4.6,50 DMA
BAJAJHLDNG,10600.0,10952.17,11127.9,10531.73,31,-4.74,0.65,50 DMA
ABB,6660.5,7026.39,7377.89,6501.35,35,-9.72,2.45,200 DMA
JUBLFOOD,463.0,478.33,477.44,476.8,60,-3.03,-2.89,50 DMA
PAGEIND,36580.0,36786.81,37169.98,36135.02,52,-1.59,1.23,50 DMA
TATACONSUM,967.7,982.7,1043.92,1109.93,100,-7.3,-12.81,No
NIACL,168.29,180.36,184.86,162.65,29,-8.96,3.47,200 DMA
GICRE,320.25,335.68,343.0,358.21,98,-6.63,-10.6,No
PFIZER,3912.9,4013.66,4554.94,4649.48,94,-14.1,-15.84,No
ACC,1202.6,1230.89,1299.44,1440.34,100,-7.45,-16.51,No
BEL,387.75,392.4,401.47,417.43,83,-3.42,-7.11,50 DMA
GILLETTE,6963.5,7071.17,7429.01,7777.1,98,-6.27,-10.46,No
IPCALAB,1938.1,1960.95,1879.33,1624.42,3,3.13,19.31,50 DMA
RECLTD,292.45,306.18,331.54,341.31,95,-11.79,-14.32,No
HAL,4549.3,4745.69,4815.77,4393.95,24,-5.53,3.54,200 DMA
OFSS,10406.0,10954.95,11547.38,9155.55,34,-9.88,13.66,No
TRENT,2635.0,2710.19,2887.61,2860.77,88,-8.75,-7.89,No
RAJESHEXPO,63.38,68.46,79.34,117.35,100,-20.12,-45.99,No
PIIND,2288.8,2349.14,2508.47,2852.92,100,-8.76,-19.77,No
SRF,2420.1,2502.33,2578.2,2688.82,98,-6.13,-9.99,No
COROMANDEL,1792.9,1911.45,1990.98,2058.11,96,-9.95,-12.89,No
APOLLOHOSP,8659.0,8834.92,8828.8,8026.08,23,-1.92,7.89,50 DMA
BATAINDIA,620.35,631.38,671.32,715.97,100,-7.59,-13.36,No
VOLTAS,1090.0,1121.22,1220.34,1331.87,100,-10.68,-18.16,No
IRCTC,452.55,460.08,484.0,545.56,100,-6.5,-17.05,No
BALKRISIND,2126.2,2175.49,2280.59,2274.46,73,-6.77,-6.52,No
NAM-INDIA,1068.0,1128.17,1171.81,1026.95,42,-8.86,4.0,200 DMA
GODREJPROP,1634.4,1690.95,1941.26,1830.14,80,-15.81,-10.7,No
RELAXO,291.5,297.8,358.79,346.22,82,-18.76,-15.81,No
AUBANK,1005.2,1022.18,1057.99,1005.29,43,-4.99,-0.01,50 DMA
SANOFI,3072.1,3097.19,3221.09,3499.86,99,-4.63,-12.22,50 DMA
TVSMOTOR,4091.1,4117.79,4220.12,3752.99,16,-3.06,9.01,50 DMA
ASTRAL,1375.0,1393.31,1463.45,1503.15,75,-6.04,-8.53,No
TORNTPOWER,1220.2,1249.7,1303.44,1404.73,92,-6.39,-13.14,No
SUNDARMFIN,4334.8,4547.62,4583.47,4761.18,75,-5.43,-8.96,No
AARTIIND,469.9,484.29,501.69,452.97,32,-6.34,3.74,200 DMA
AIAENG,3835.7,3922.97,4314.85,4117.66,60,-11.1,-6.85,No
CROMPTON,211.37,220.28,240.15,252.33,99,-11.98,-16.23,No
ASHOKLEY,153.44,158.45,167.04,169.97,61,-8.14,-9.73,No
MPHASIS,2154.4,2248.09,2380.02,2360.46,84,-9.48,-8.73,No
LTTS,3081.6,3228.8,3459.47,3548.25,85,-10.92,-13.15,No
RAMCOCEM,844.25,863.87,897.01,968.15,100,-5.88,-12.8,No
OBEROIRLTY,1762.9,1809.27,1827.46,1681.98,37,-3.53,4.81,50 DMA
CHOLAFIN,1627.3,1704.1,1822.49,1682.73,64,-10.71,-3.29,200 DMA
ZEEL,74.14,77.42,92.04,89.77,84,-19.45,-17.41,No
LICHSGFIN,548.5,558.96,529.28,525.13,11,3.63,4.45,50 DMA
ATUL,5982.5,6087.16,6459.06,6415.5,62,-7.38,-6.75,No
ABFRL,46.24,48.54,54.18,62.36,100,-14.66,-25.85,No
SCHAEFFLER,3920.0,3998.18,4039.79,3993.63,53,-2.97,-1.84,50 DMA
EXIDEIND,407.0,419.44,442.31,375.15,30,-7.98,8.49,No
POLYCAB,8102.5,8285.49,8811.22,8384.22,56,-8.04,-3.36,200 DMA
SUPREMEIND,3445.8,3472.44,3497.43,3557.13,45,-1.48,-3.13,50 DMA
BHARATFORG,1942.0,1969.6,2057.22,1853.02,40,-5.6,4.8,200 DMA
ADANIPOWER,196.3,201.54,207.33,188.3,41,-5.32,4.25,200 DMA
BANKINDIA,130.11,135.58,140.88,144.54,83,-7.65,-9.98,No
MFSL,1392.4,1469.6,1521.19,1621.18,100,-8.47,-14.11,No
IDFCFIRSTB,79.46,83.38,84.91,77.44,30,-6.42,2.61,200 DMA
UNIONBANK,166.0,175.43,179.99,171.0,39,-7.77,-2.92,200 DMA
ABCAPITAL,378.0,389.78,401.55,364.7,40,-5.86,3.65,200 DMA
SYNGENE,367.2,377.22,395.77,454.65,100,-7.22,-19.23,No
GODREJIND,1055.7,1094.17,1202.19,1073.85,53,-12.19,-1.69,200 DMA
FORTIS,822.0,859.92,911.32,911.45,82,-9.8,-9.81,No
SAIL,181.82,181.83,178.3,168.73,6,1.97,7.76,50 DMA
CUB,214.91,222.99,221.94,206.24,21,-3.17,4.2,50 DMA
DALBHARAT,1637.4,1698.27,1794.22,1886.06,97,-8.74,-13.18,No
CANBK,119.51,122.97,126.56,133.65,96,-5.57,-10.58,No
AAVAS,1248.4,1275.87,1332.77,1357.69,93,-6.33,-8.05,No
SUMICHEM,431.15,449.12,505.97,456.6,78,-14.79,-5.57,No
M&MFIN,328.05,340.76,373.08,338.52,52,-12.07,-3.09,200 DMA
CRISIL,4464.1,4566.18,4555.92,4305.27,16,-2.02,3.69,50 DMA
CUMMINSIND,4800.0,4938.01,5225.48,4981.02,57,-8.14,-3.63,200 DMA
OIL,459.45,472.48,470.84,458.8,27,-2.42,0.14,50 DMA
IDEA,13.56,14.03,13.96,12.26,21,-2.89,10.6,50 DMA
INDHOTEL,714.35,724.01,727.47,686.21,36,-1.8,4.1,50 DMA
TATAPOWER,359.0,364.43,370.8,385.27,93,-3.18,-6.82,50 DMA
IOB,30.95,31.86,33.16,34.13,95,-6.66,-9.33,No
THERMAX,3291.0,3447.33,3905.75,3786.73,63,-15.74,-13.09,No
PHOENIXLTD,1929.0,1937.81,1925.2,1818.46,29,0.2,6.08,50 DMA
ENDURANCE,2654.8,2682.04,2812.32,2588.23,40,-5.6,2.57,200 DMA
JINDALSTEL,1130.0,1142.03,1121.55,1136.05,31,0.75,-0.53,50 DMA
HATSUN,1099.7,1144.27,1051.3,956.07,0,4.6,15.02,50 DMA
SOLARINDS,18650.0,19454.42,19723.14,16254.84,22,-5.44,14.74,No
FEDERALBNK,320.2,328.33,347.55,303.47,26,-7.87,5.51,No
SJVN,59.83,62.29,65.8,71.2,100,-9.07,-15.97,No
ESCORTS,2706.2,2797.33,2980.17,3144.71,100,-9.19,-13.94,No
MGL,1050.5,1068.45,1090.48,1080.57,76,-3.67,-2.78,50 DMA
MANAPPURAM,316.45,321.03,343.51,309.3,41,-7.88,2.31,200 DMA
VINATIORGA,1174.3,1211.49,1290.88,1372.4,100,-9.03,-14.43,No
UCOBANK,23.05,23.62,25.19,26.38,99,-8.49,-12.63,No
EMAMILTD,381.05,383.51,390.76,433.69,94,-2.48,-12.14,50 DMA
ZYDUSWELL,506.1,524.44,534.26,486.85,42,-5.27,3.95,200 DMA
MOTILALOFS,996.2,1012.2,963.23,857.29,3,3.42,16.2,50 DMA
SKFINDIA,1514.0,1526.14,1537.58,1617.11,84,-1.53,-6.38,50 DMA
BHEL,413.35,419.61,419.63,346.54,18,-1.5,19.28,50 DMA
JKCEMENT,4824.5,4988.89,5232.37,5391.66,95,-7.8,-10.52,No
GODREJAGRO,631.7,652.85,609.78,576.87,2,3.6,9.5,50 DMA
JSWENERGY,501.15,509.47,539.06,524.2,62,-7.03,-4.4,200 DMA
CENTRALBK,30.04,30.85,30.98,33.75,96,-3.04,-10.98,50 DMA
RBLBANK,402.0,410.42,392.04,342.46,4,2.54,17.38,50 DMA
PRESTIGE,1417.5,1465.09,1566.02,1483.0,78,-9.48,-4.42,200 DMA
TATACOMM,1654.7,1691.98,1730.45,1698.47,79,-4.38,-2.58,50 DMA
VGUARD,307.05,313.8,322.17,318.36,63,-4.69,-3.55,50 DMA
METROPOLIS,562.3,579.19,575.93,515.85,18,-2.37,9.0,50 DMA
SFL,631.5,643.29,686.17,616.99,45,-7.97,2.35,200 DMA
RITES,192.31,200.09,212.03,211.4,89,-9.3,-9.03,No
SUNDRMFAST,1143.2,1183.26,1154.14,946.72,11,-0.95,20.75,50 DMA
NLCINDIA,255.75,261.74,276.71,284.18,75,-7.57,-10.0,No
NAVINFLUOR,8234.5,8423.03,8243.72,7010.89,10,-0.11,17.45,50 DMA
ASTRAZEN,6254.5,6522.63,7325.25,8178.52,100,-14.62,-23.53,No
KAJARIACER,1190.5,1204.49,1212.28,1088.87,29,-1.8,9.33,50 DMA
TIMKEN,3086.2,3181.11,3187.02,3288.65,62,-3.16,-6.16,50 DMA
TATACHEM,613.85,653.75,658.44,699.4,94,-6.77,-12.23,No
ITI,243.4,251.73,270.98,285.1,99,-10.18,-14.63,No
INDIAMART,1612.9,1642.42,1728.36,1964.09,100,-6.68,-17.88,No
SYMPHONY,580.4,586.37,618.36,742.2,100,-6.14,-21.8,No
JMFINANCIL,125.78,126.07,126.58,128.81,64,-0.63,-2.35,50 DMA
CHOLAHLDNG,1371.8,1433.96,1525.8,1611.13,100,-10.09,-14.85,No
NATIONALUM,346.65,354.66,369.7,370.06,56,-6.24,-6.33,No
CESC,133.87,139.5,151.28,157.5,97,-11.51,-15.0,No
DEEPAKNTR,1529.0,1582.2,1684.09,1628.92,61,-9.21,-6.13,No
BLUEDART,4576.0,4754.82,4989.86,5172.24,95,-8.29,-11.53,No
MAHABANK,79.16,81.98,81.58,74.41,25,-2.97,6.39,50 DMA
TIINDIA,2413.0,2522.05,2729.64,2746.81,89,-11.6,-12.15,No
BBTC,1355.0,1425.28,1472.7,1579.35,100,-7.99,-14.21,No
ERIS,1219.3,1265.98,1337.33,1386.43,97,-8.83,-12.05,No
NH,1789.9,1855.89,1897.19,1853.0,79,-5.66,-3.41,200 DMA
GRINDWELL,1916.7,1934.4,2013.2,1779.36,39,-4.79,7.72,50 DMA
GODFRYPHLP,1862.0,1946.72,2074.33,2152.44,97,-10.24,-13.49,No
FINPIPE,151.15,152.87,157.04,167.64,97,-3.75,-9.83,50 DMA
BASF,3435.6,3544.83,3785.25,3638.65,73,-9.24,-5.58,No
CREDITACC,1216.3,1312.02,1458.58,1349.35,64,-16.61,-9.86,No
ASTERDM,733.95,752.74,787.37,708.37,42,-6.79,3.61,200 DMA
KEC,378.35,394.15,429.53,536.45,100,-11.91,-29.47,No
CHAMBLFERT,413.55,416.83,427.9,441.64,88,-3.35,-6.36,50 DMA
BLUESTARCO,1529.5,1540.33,1545.11,1693.69,92,-1.01,-9.69,50 DMA
VSTIND,202.96,205.16,213.22,228.89,99,-4.81,-11.33,50 DMA
PERSISTENT,5162.0,5330.83,5487.72,5345.16,62,-5.94,-3.43,200 DMA
CHALET,840.75,867.73,858.91,821.18,37,-2.11,2.38,50 DMA
CARBORUNIV,1200.5,1208.52,1117.46,973.38,4,7.43,23.33,No
ORIENTELEC,156.62,163.96,176.59,176.02,87,-11.31,-11.02,No
DIXON,13250.0,13364.22,13981.64,12091.94,54,-5.23,9.58,No
LINDEINDIA,6199.5,6212.5,6546.05,6729.11,75,-5.29,-7.87,No
AVANTIFEED,747.5,758.89,842.91,1037.08,100,-11.32,-27.92,No
HUDCO,165.57,171.55,184.5,194.64,100,-10.26,-14.94,No
TATAELXSI,3211.7,3245.79,3546.1,4234.02,100,-9.43,-24.15,No
AMBER,6606.5,6948.55,7273.41,7252.47,73,-9.17,-8.91,No
IEX,106.39,111.64,121.15,124.35,95,-12.19,-14.44,No
SPANDANA,226.67,228.23,244.68,248.67,93,-7.36,-8.85,No
CANFINHOME,731.7,753.23,799.35,852.19,100,-8.46,-14.14,No
KIOCL,336.1,341.07,369.09,370.47,80,-8.94,-9.28,No
VTL,529.55,552.1,585.3,553.2,58,-9.53,-4.27,200 DMA
IRCON,102.47,106.74,119.5,137.97,100,-14.25,-25.73,No
RADICO,4364.0,4467.42,4477.62,3523.61,15,-2.54,23.85,50 DMA
COCHINSHIP,1359.3,1369.97,1444.65,1488.9,95,-5.91,-8.7,No
LAURUSLABS,1979.0,1991.24,1865.06,1352.9,0,6.11,46.28,No
NESCO,1040.5,1072.19,1058.61,1124.74,85,-1.71,-7.49,50 DMA
RALLIS,199.96,201.25,210.04,240.31,99,-4.8,-16.79,50 DMA
VIPIND,293.2,298.07,303.38,326.81,88,-3.36,-10.28,50 DMA
BDL,1085.1,1141.83,1256.54,1318.4,99,-13.64,-17.7,No
JYOTHYLAB,184.26,191.25,200.9,222.08,98,-8.28,-17.03,No
DCMSHRIRAM,907.8,962.68,1014.0,1087.73,100,-10.47,-16.54,No
TATAINVEST,625.45,656.94,658.51,661.36,80,-5.02,-5.43,No
INDIACEM,303.7,326.96,367.47,397.44,100,-17.35,-23.59,No
HEIDELBERG,130.29,137.73,148.44,151.96,94,-12.23,-14.26,No
CEATLTD,3240.0,3331.97,3460.36,3524.88,93,-6.37,-8.08,No
POWERINDIA,30735.0,31007.23,32484.32,28558.35,38,-5.39,7.62,No
KRBL,386.2,394.17,390.63,360.23,24,-1.13,7.21,50 DMA
QUESS,342.1,348.25,338.7,242.97,7,1.01,40.8,50 DMA
FLUOROCHEM,4406.2,4487.07,4591.18,3795.5,20,-4.03,16.09,50 DMA
APLAPOLLO,2188.6,2191.05,2080.92,1977.45,0,5.17,10.68,No
SUNTECK,280.3,283.71,295.41,334.36,100,-5.11,-16.17,No
BAJAJELEC,309.85,320.4,338.05,365.78,94,-8.34,-15.29,No
CERA,5124.5,5394.27,5807.79,5463.81,64,-11.77,-6.21,No
CGCL,246.9,257.25,246.99,203.91,16,-0.04,21.08,50 DMA
DCBBANK,202.37,213.43,204.84,187.06,12,-1.2,8.18,50 DMA
NBCC,78.01,81.48,87.95,95.58,100,-11.31,-18.38,No
GPPL,160.54,162.03,155.98,157.83,42,2.92,1.72,50 DMA
DBL,410.9,411.45,415.63,435.96,75,-1.14,-5.75,50 DMA
STAR,1172.6,1184.89,1071.69,1003.98,0,9.42,16.79,No
MASFIN,281.4,284.56,299.41,311.09,97,-6.02,-9.54,No
STARCEMENT,178.1,185.97,194.78,210.11,100,-8.56,-15.24,No
OMAXE,109.48,115.72,106.4,85.16,4,2.89,28.55,50 DMA
TEAMLEASE,1148.6,1184.27,1247.6,1333.68,100,-7.94,-13.88,No
KNRCON,119.33,120.32,124.89,131.34,97,-4.45,-9.14,50 DMA
PNBHOUSING,1098.2,1112.31,1131.19,986.44,17,-2.92,11.33,50 DMA
RVNL,197.9,204.98,217.03,268.29,100,-8.81,-26.24,No
BRIGADE,563.05,600.69,611.04,568.6,53,-7.85,-0.98,200 DMA
INDIANB,795.25,825.22,857.95,851.76,62,-7.31,-6.64,No
THYROCARE,547.1,559.38,581.26,479.25,24,-5.88,14.16,No
VMART,760.05,779.15,800.43,687.91,26,-5.05,10.49,No
SUDARSCHEM,1197.3,1218.05,1163.29,964.35,4,2.92,24.16,50 DMA
AFFLE,1501.0,1560.38,1610.73,1539.57,57,-6.81,-2.51,200 DMA
CYIENT,1055.3,1071.28,975.22,960.39,26,8.21,9.88,No
GRAPHITE,801.55,808.71,736.55,671.24,0,8.82,19.41,No
VAIBHAVGBL,202.89,206.3,228.94,225.31,86,-11.38,-9.95,No
CENTURYPLY,665.0,694.48,747.73,758.26,92,-11.06,-12.3,No
EIDPARRY,696.25,704.45,763.71,824.77,100,-8.83,-15.58,No
ALKYLAMINE,1781.3,1839.16,1908.01,1668.55,38,-6.64,6.76,No
PNCINFRA,129.8,138.65,194.71,211.96,100,-33.34,-38.76,No
KEI,4461.0,4594.27,5118.42,4838.59,60,-12.84,-7.8,No
LUXIND,1103.6,1136.28,1187.71,1168.05,74,-7.08,-5.52,No
HATHWAY,9.49,9.81,10.45,10.91,98,-9.19,-12.98,No
FLFL,1.1,1.14,1.2,1.33,100,-8.38,-17.57,No
IIFL,607.5,610.26,618.83,539.16,13,-1.83,12.68,50 DMA
CCL,1006.2,1042.71,1108.15,1073.11,65,-9.2,-6.24,No
GARFIBRES,753.85,780.83,783.29,693.24,21,-3.76,8.74,50 DMA
MAHSCOOTER,12341.0,12973.47,13149.56,12873.65,67,-6.15,-4.14,200 DMA
KPRMILL,1081.5,1110.01,1108.73,990.44,26,-2.46,9.19,50 DMA
JKLAKSHMI,490.15,504.58,537.94,628.01,100,-8.88,-21.95,No
TASTYBITE,9611.0,9826.28,9730.08,8151.3,12,-1.22,17.91,50 DMA
INDOSTAR,209.04,222.28,246.19,231.12,80,-15.09,-9.55,No
BALRAMCHIN,672.9,675.71,660.69,536.73,6,1.85,25.37,50 DMA
CDSL,1261.9,1317.58,1353.1,1315.34,80,-6.74,-4.06,200 DMA
BHARATRAS,1005.7,1092.62,1236.59,1509.05,100,-18.67,-33.36,No
TRIDENT,22.49,23.03,24.18,24.89,95,-6.98,-9.65,No
KSCL,742.1,745.17,764.06,855.33,95,-2.87,-13.24,50 DMA
CAPLIPOINT,2744.0,2779.1,2625.75,2111.28,2,4.5,29.97,50 DMA
VAKRANGEE,5.18,5.27,5.73,6.42,100,-9.61,-19.26,No
ICRA,4297.9,4455.31,4847.5,5295.13,100,-11.34,-18.83,No
POLYMED,1644.7,1690.88,1723.48,1567.06,45,-4.57,4.95,50 DMA
CSBBANK,316.2,326.37,327.36,376.21,96,-3.41,-15.95,50 DMA
ZENSARTECH,429.0,433.75,472.33,533.55,96,-9.17,-19.6,No
HINDCOPPER,474.35,492.81,516.18,525.53,59,-8.1,-9.74,No
BAJAJCON,493.0,499.43,509.59,452.66,36,-3.26,8.91,50 DMA
INGERRAND,4195.0,4254.21,4472.98,4045.43,42,-6.21,3.7,200 DMA
NETWORK18,25.88,26.53,28.25,33.2,100,-8.38,-22.06,No
WOCKPHARMA,2194.2,2200.97,2008.51,1654.39,0,9.25,32.63,No
JUSTDIAL,656.5,670.19,687.38,619.72,50,-4.49,5.93,50 DMA
FSL,248.9,260.67,272.7,262.93,70,-8.73,-5.33,No
TRITURBINE,543.55,553.42,582.69,561.68,58,-6.72,-3.23,200 DMA
BEML,1966.6,2025.65,1917.82,1776.33,4,2.54,10.71,50 DMA
IRB,16.98,17.84,19.17,20.47,100,-11.43,-17.06,No
HEG,240.0,251.93,544.15,554.78,93,-55.89,-56.74,No
MHRIL,194.49,197.99,212.29,249.66,100,-8.38,-22.1,No
MMTC,56.76,58.61,62.25,63.36,73,-8.82,-10.42,No
FMGOETZE,460.1,460.16,439.01,388.59,0,4.81,18.4,50 DMA
ELGIEQUIP,594.85,604.77,604.72,542.73,15,-1.63,9.6,50 DMA
SCI,272.9,275.76,285.63,269.94,45,-4.46,1.1,50 DMA
LEMONTREE,104.17,105.42,107.89,118.8,96,-3.45,-12.32,50 DMA
SONATSOFTW,260.85,274.3,297.12,284.88,77,-12.21,-8.43,No
VARROC,837.4,845.14,800.09,625.93,0,4.66,33.79,50 DMA
BSOFT,269.05,276.45,295.22,344.87,96,-8.86,-21.98,No
ESABINDIA,5510.0,5592.63,5854.7,5825.56,78,-5.89,-5.42,No
GUJALKALI,627.15,633.61,666.35,588.38,20,-5.88,6.59,No
LAOPALA,156.71,159.57,173.74,180.13,97,-9.8,-13.0,No
KARURVYSYA,318.15,325.01,336.69,300.05,22,-5.51,6.03,No
JSWHL,11000.0,11131.6,11425.6,14045.28,91,-3.72,-21.68,50 DMA
ADVENZYMES,282.15,289.3,301.88,312.82,96,-6.54,-9.8,No
SCHNEIDER,1192.7,1207.62,1261.01,1078.29,40,-5.42,10.61,No
GRSE,2206.1,2318.48,2513.7,2538.98,89,-12.24,-13.11,No
RCF,108.11,108.98,117.22,125.33,100,-7.77,-13.74,No
DHANUKA,930.55,961.32,994.26,1054.22,100,-6.41,-11.73,No
PRSMJOHNSN,109.27,114.09,110.7,121.29,74,-1.29,-9.91,50 DMA
NILKAMAL,1898.9,1911.83,1907.44,1457.69,10,-0.45,30.27,50 DMA
NAVNETEDUL,121.42,123.67,132.09,139.83,100,-8.08,-13.17,No
JINDALSAW,277.7,285.65,283.16,227.6,13,-1.93,22.01,50 DMA
GSFC,151.65,153.51,154.46,160.79,84,-1.82,-5.68,50 DMA
DEN,25.91,26.37,27.3,28.18,96,-5.08,-8.06,No
ALLCARGO,10.53,10.99,10.64,9.49,32,-1.07,10.97,50 DMA
FCONSUMER,0.22,0.22,0.24,0.32,100,-8.26,-31.76,No
VRLLOG,282.4,288.46,285.36,261.48,12,-1.04,8.0,50 DMA
DBCORP,175.73,181.55,199.78,211.78,100,-12.04,-17.02,No
BALMLAWRIE,161.59,164.54,169.57,171.06,90,-4.7,-5.53,50 DMA
ECLERX,1769.7,1869.84,1888.72,1775.03,56,-6.3,-0.3,200 DMA
JAGRAN,62.01,62.34,62.27,60.28,35,-0.42,2.87,50 DMA
BSE,3200.0,3208.1,3379.92,3315.87,62,-5.32,-3.49,200 DMA
JKPAPER,391.35,407.0,397.18,361.04,12,-1.47,8.4,50 DMA
MINDACORP,672.75,680.82,703.07,609.75,32,-4.31,10.33,50 DMA
KTKBANK,324.25,327.19,312.2,250.47,2,3.86,29.46,50 DMA
ACCELYA,1095.4,1111.17,1132.09,1169.66,82,-3.24,-6.35,50 DMA
SOBHA,1216.5,1221.82,1287.23,1373.43,100,-5.49,-11.43,No
SWSOLAR,171.08,175.62,192.83,200.51,97,-11.28,-14.68,No
HSCL,667.6,669.62,708.84,582.8,32,-5.82,14.55,No
GREENLAM,214.3,224.26,243.91,240.0,86,-12.14,-10.71,No
VENKEYS,1633.0,1656.98,1593.03,1482.8,4,2.51,10.13,50 DMA
JSL,738.3,743.97,732.01,744.51,48,0.86,-0.83,50 DMA
AARTIDRUGS,428.6,430.09,421.2,387.61,6,1.76,10.57,50 DMA
PSPPROJECT,782.65,807.2,901.93,839.27,80,-13.23,-6.75,No
DIAMONDYD,1051.1,1078.42,1140.61,1090.06,63,-7.85,-3.57,200 DMA
NIITLTD,86.37,88.96,94.42,82.39,52,-8.53,4.83,200 DMA
ASHOKA,108.53,111.44,115.68,131.36,100,-6.18,-17.38,No
ARVINDFASN,410.15,419.86,443.85,454.36,94,-7.59,-9.73,No
AHLUCONT,551.55,576.01,691.73,799.34,100,-20.26,-31.0,No
HGINFRA,438.25,452.21,501.74,576.9,100,-12.65,-24.03,No
PRINCEPIPE,255.85,261.95,273.32,260.01,59,-6.39,-1.6,200 DMA
NCC,128.27,133.54,140.99,147.06,98,-9.02,-12.78,No
FACT,757.2,775.0,805.05,837.47,95,-5.94,-9.58,No
ITDC,657.15,670.96,681.47,588.5,35,-3.57,11.67,50 DMA
