Ticker,Price,9 EMA,21 EMA,Score,9 EMA Slope,21 EMA Slope,Dist 9 EMA (%),Dist 21 EMA (%),Action Zone
RELIANCE,1182.0,1221.75,1247.54,90,-9.94,-6.55,-3.25,-5.25,No
TCS,2032.4,2100.36,2165.77,92,-16.99,-13.34,-3.24,-6.16,No
HINDUNILVR,1863.8,1919.7,1947.47,81,-13.97,-8.37,-2.91,-4.3,9 EMA
HDFCBANK,722.7,725.88,723.09,39,-0.79,-0.04,-0.44,-0.05,9 EMA
INFY,1015.4,1024.1,1051.82,82,-2.18,-3.64,-0.85,-3.46,9 EMA
KOTAKBANK,406.0,408.42,410.41,65,-0.61,-0.44,-0.59,-1.07,9 EMA
BHARTIARTL,1771.2,1803.31,1831.29,78,-8.03,-6.01,-1.78,-3.28,9 EMA
ITC,265.1,265.94,266.06,44,-0.21,-0.1,-0.32,-0.36,9 EMA
ICICIBANK,1292.2,1328.34,1357.56,88,-9.03,-6.54,-2.72,-4.81,9 EMA
SBIN,964.7,980.32,996.17,82,-3.91,-3.15,-1.59,-3.16,9 EMA
ASIANPAINT,2415.0,2434.7,2477.46,79,-4.92,-6.25,-0.81,-2.52,9 EMA
DMART,3750.0,3779.63,3788.32,49,-7.41,-3.83,-0.78,-1.01,9 EMA
BAJFINANCE,973.8,1001.99,1023.32,82,-7.05,-4.95,-2.81,-4.84,9 EMA
MARUTI,11877.0,12106.84,12421.68,86,-57.46,-54.47,-1.9,-4.38,9 EMA
HCLTECH,1222.0,1248.96,1261.24,69,-6.74,-3.92,-2.16,-3.11,9 EMA
LT,3749.1,3840.38,3892.22,79,-22.82,-14.31,-2.38,-3.68,9 EMA
WIPRO,156.79,163.36,167.7,93,-1.64,-1.09,-4.02,-6.5,No
AXISBANK,1212.1,1224.13,1235.46,67,-3.01,-2.34,-0.98,-1.89,9 EMA
ULTRACEMCO,10829.0,11001.74,11096.39,62,-43.18,-26.74,-1.57,-2.41,9 EMA
HDFCLIFE,523.55,536.44,538.65,57,-3.22,-1.51,-2.4,-2.8,9 EMA
ONGC,230.0,233.8,234.61,54,-0.95,-0.46,-1.62,-1.97,9 EMA
NTPC,323.5,325.68,328.29,74,-0.55,-0.48,-0.67,-1.46,9 EMA
POWERGRID,261.5,265.38,266.55,63,-0.97,-0.5,-1.46,-1.89,9 EMA
TITAN,4675.0,4835.65,4900.22,85,-40.16,-22.52,-3.32,-4.6,No
DABUR,380.4,384.57,386.01,48,-1.04,-0.56,-1.09,-1.45,9 EMA
IOC,131.33,134.79,135.69,66,-0.87,-0.44,-2.57,-3.22,9 EMA
BAJAJFINSV,1742.4,1799.84,1859.04,92,-14.36,-11.66,-3.19,-6.27,No
PIDILITIND,1461.0,1527.15,1561.09,84,-16.54,-10.01,-4.33,-6.41,No
BPCL,299.35,306.48,308.83,63,-1.78,-0.95,-2.33,-3.07,9 EMA
HINDZINC,563.3,580.45,583.27,59,-4.29,-2.0,-2.95,-3.42,9 EMA
BRITANNIA,4835.0,4928.27,5020.18,81,-23.32,-18.52,-1.89,-3.69,9 EMA
SBILIFE,1735.0,1737.28,1739.27,42,-0.57,-0.43,-0.13,-0.25,9 EMA
SHREECEM,21900.0,22303.46,22780.76,76,-100.86,-88.08,-1.81,-3.87,9 EMA
BAJAJ-AUTO,10811.0,11231.83,11437.59,90,-105.21,-62.66,-3.75,-5.48,No
SBICARD,581.0,614.46,629.72,90,-8.37,-4.87,-5.45,-7.74,No
TECHM,1510.5,1542.16,1556.35,74,-7.91,-4.58,-2.05,-2.95,9 EMA
GODREJCP,855.0,869.91,882.58,69,-3.73,-2.76,-1.71,-3.12,9 EMA
ICICIPRULI,444.55,467.18,477.08,75,-5.66,-3.25,-4.84,-6.82,No
ICICIGI,1515.0,1517.27,1519.85,50,-0.57,-0.48,-0.15,-0.32,9 EMA
BERGEPAINT,448.2,454.36,465.89,79,-1.54,-1.77,-1.36,-3.8,9 EMA
HDFCAMC,2223.3,2356.9,2415.4,86,-33.4,-19.21,-5.67,-7.95,No
INDIGO,4872.0,4916.32,4964.8,63,-11.08,-9.28,-0.9,-1.87,9 EMA
SIEMENS,3710.0,3825.14,3870.44,76,-28.78,-16.04,-3.01,-4.15,No
EICHERMOT,7179.0,7364.05,7518.25,88,-46.26,-33.93,-2.51,-4.51,9 EMA
MARICO,787.15,812.31,818.05,64,-6.29,-3.09,-3.1,-3.78,No
M&M,2947.8,3021.25,3094.64,87,-18.36,-14.68,-2.43,-4.75,9 EMA
JSWSTEEL,1272.4,1272.96,1278.86,63,-0.14,-0.65,-0.04,-0.5,9 EMA
GAIL,170.04,172.26,172.79,65,-0.55,-0.27,-1.29,-1.59,9 EMA
CIPLA,1379.3,1385.15,1389.92,51,-1.46,-1.06,-0.42,-0.76,9 EMA
COLPAL,1785.1,1843.54,1856.59,62,-14.61,-7.15,-3.17,-3.85,No
DLF,653.0,661.91,661.09,51,-2.23,-0.81,-1.35,-1.22,9 EMA
TORNTPHARM,4894.0,4918.41,4923.48,51,-6.1,-2.95,-0.5,-0.6,9 EMA
PGHH,6871.5,7152.08,7434.11,94,-70.14,-56.26,-3.92,-7.57,No
BIOCON,377.0,383.68,390.55,76,-1.67,-1.36,-1.74,-3.47,9 EMA
HEROMOTOCO,5208.0,5317.73,5345.93,56,-27.43,-13.79,-2.06,-2.58,9 EMA
GRASIM,3100.0,3166.93,3205.72,82,-16.73,-10.57,-2.11,-3.3,9 EMA
AMBUJACEM,365.75,381.27,390.03,88,-3.88,-2.43,-4.07,-6.22,No
HAVELLS,1043.3,1088.32,1122.88,92,-11.25,-7.96,-4.14,-7.09,No
PETRONET,282.95,286.16,286.59,58,-0.8,-0.36,-1.12,-1.27,9 EMA
HINDPETRO,349.2,351.42,354.9,59,-0.55,-0.57,-0.63,-1.6,9 EMA
YESBANK,20.71,22.16,22.5,73,-0.36,-0.18,-6.54,-7.97,No
ALKEM,5250.0,5275.17,5285.54,45,-6.29,-3.55,-0.48,-0.67,9 EMA
BOSCHLTD,45700.0,47329.67,47445.64,63,-407.42,-174.56,-3.44,-3.68,No
IGL,142.02,145.82,148.1,86,-0.95,-0.61,-2.61,-4.11,9 EMA
LUPIN,2052.1,2085.14,2112.7,72,-8.26,-6.06,-1.58,-2.87,9 EMA
UPL,538.0,552.71,561.26,82,-3.68,-2.33,-2.66,-4.15,9 EMA
NAUKRI,1245.0,1261.89,1276.22,66,-4.22,-3.12,-1.34,-2.45,9 EMA
BANKBARODA,227.68,232.46,235.39,78,-1.2,-0.77,-2.06,-3.28,9 EMA
MRF,123080.0,124476.93,126526.51,80,-349.23,-344.65,-1.12,-2.72,9 EMA
MUTHOOTFIN,2736.8,2801.29,2841.8,73,-16.12,-10.5,-2.3,-3.69,9 EMA
NMDC,77.0,79.59,81.38,88,-0.65,-0.44,-3.26,-5.38,No
INDUSINDBK,878.0,927.21,954.83,95,-12.3,-7.68,-5.31,-8.05,No
UBL,1210.2,1235.14,1258.0,74,-6.24,-4.78,-2.02,-3.8,9 EMA
PFC,324.1,337.66,346.02,92,-3.39,-2.19,-4.02,-6.33,No
VEDL,260.0,263.39,265.78,65,-0.85,-0.58,-1.29,-2.18,9 EMA
ADANIGREEN,1260.0,1277.73,1290.11,61,-4.43,-3.01,-1.39,-2.33,9 EMA
HONAUT,33980.0,34110.39,34678.67,71,-32.6,-69.87,-0.38,-2.01,9 EMA
PNB,111.75,115.25,115.77,52,-0.87,-0.4,-3.04,-3.47,No
HINDALCO,955.2,974.3,987.89,77,-4.77,-3.27,-1.96,-3.31,9 EMA
GLAXO,2783.8,2842.87,2854.03,62,-14.77,-7.02,-2.08,-2.46,9 EMA
3MINDIA,31890.0,33402.99,33508.04,64,-378.25,-161.8,-4.53,-4.83,No
KANSAINER,181.33,181.81,186.44,79,-0.12,-0.51,-0.27,-2.74,9 EMA
CONCOR,443.5,465.91,481.63,91,-5.6,-3.81,-4.81,-7.92,No
NHPC,73.32,75.32,75.85,72,-0.5,-0.25,-2.66,-3.34,9 EMA
IDBI,83.32,83.6,84.28,65,-0.07,-0.1,-0.33,-1.14,9 EMA
BAJAJHLDNG,10600.0,10952.17,11041.44,68,-88.04,-44.14,-3.22,-4.0,No
ABB,6660.5,7026.39,7173.06,90,-91.47,-51.26,-5.21,-7.15,No
JUBLFOOD,463.0,478.33,480.45,61,-3.83,-1.74,-3.21,-3.63,No
TATACONSUM,967.7,982.7,1000.22,80,-3.75,-3.25,-1.53,-3.25,9 EMA
NIACL,168.29,180.36,186.39,92,-3.02,-1.81,-6.69,-9.71,No
GICRE,320.25,335.68,340.11,83,-3.86,-1.99,-4.6,-5.84,No
PFIZER,3912.9,4013.66,4175.97,92,-25.19,-26.31,-2.51,-6.3,9 EMA
ACC,1202.6,1230.89,1250.34,78,-7.07,-4.77,-2.3,-3.82,9 EMA
BEL,387.75,392.4,397.0,74,-1.16,-0.93,-1.18,-2.33,9 EMA
GILLETTE,6963.5,7071.17,7195.73,82,-26.92,-23.22,-1.52,-3.23,9 EMA
IPCALAB,1938.1,1960.95,1952.92,46,-5.71,-1.48,-1.17,-0.76,9 EMA
RECLTD,292.45,306.18,312.54,88,-3.43,-2.01,-4.48,-6.43,No
HAL,4549.3,4745.69,4795.09,86,-49.1,-24.58,-4.14,-5.13,No
OFSS,10406.0,10954.95,11296.59,92,-137.24,-89.06,-5.01,-7.88,No
TRENT,2635.0,2710.19,2772.76,84,-18.8,-13.78,-2.77,-4.97,9 EMA
RAJESHEXPO,63.38,68.46,72.7,100,-1.27,-0.93,-7.41,-12.82,No
PIIND,2288.8,2349.14,2375.47,66,-15.08,-8.67,-2.57,-3.65,9 EMA
SRF,2420.1,2502.33,2525.78,69,-20.56,-10.57,-3.29,-4.18,No
COROMANDEL,1792.9,1911.45,1936.96,82,-29.64,-14.41,-6.2,-7.44,No
APOLLOHOSP,8659.0,8834.92,8831.49,49,-43.98,-17.25,-1.99,-1.95,9 EMA
BATAINDIA,620.35,631.38,645.38,84,-2.76,-2.5,-1.75,-3.88,9 EMA
VOLTAS,1090.0,1121.22,1146.98,86,-7.81,-5.7,-2.78,-4.97,9 EMA
IRCTC,452.55,460.08,466.87,73,-1.88,-1.43,-1.64,-3.07,9 EMA
BALKRISIND,2126.2,2175.49,2212.11,76,-12.32,-8.59,-2.27,-3.88,9 EMA
NAM-INDIA,1068.0,1128.17,1150.33,87,-15.04,-8.23,-5.33,-7.16,No
GODREJPROP,1634.4,1690.95,1769.45,94,-14.14,-13.51,-3.34,-7.63,No
RELAXO,291.5,297.8,314.74,94,-1.58,-2.32,-2.12,-7.38,9 EMA
AUBANK,1005.2,1022.18,1040.16,78,-4.24,-3.5,-1.66,-3.36,9 EMA
SANOFI,3072.1,3097.19,3122.04,65,-6.27,-4.99,-0.81,-1.6,9 EMA
TVSMOTOR,4091.1,4117.79,4146.53,64,-6.67,-5.54,-0.65,-1.34,9 EMA
ASTRAL,1375.0,1393.31,1421.59,79,-4.58,-4.66,-1.31,-3.28,9 EMA
TORNTPOWER,1220.2,1249.7,1264.61,79,-7.38,-4.44,-2.36,-3.51,9 EMA
SUNDARMFIN,4334.8,4547.62,4596.23,77,-53.2,-26.14,-4.68,-5.69,No
AARTIIND,469.9,484.29,491.95,78,-3.6,-2.21,-2.97,-4.48,9 EMA
AIAENG,3835.7,3922.97,4036.72,88,-21.82,-20.1,-2.22,-4.98,9 EMA
CROMPTON,211.37,220.28,226.36,93,-2.23,-1.5,-4.05,-6.62,No
ASHOKLEY,153.44,158.45,162.17,86,-1.25,-0.87,-3.16,-5.38,No
MPHASIS,2154.4,2248.09,2302.89,92,-23.42,-14.85,-4.17,-6.45,No
LTTS,3081.6,3228.8,3318.02,94,-36.8,-23.64,-4.56,-7.13,No
RAMCOCEM,844.25,863.87,873.48,68,-4.91,-2.92,-2.27,-3.35,9 EMA
OBEROIRLTY,1762.9,1809.27,1812.12,54,-11.59,-4.92,-2.56,-2.72,9 EMA
CHOLAFIN,1627.3,1704.1,1760.35,95,-19.2,-13.31,-4.51,-7.56,No
ZEEL,74.14,77.42,81.7,98,-0.82,-0.76,-4.23,-9.25,No
LICHSGFIN,548.5,558.96,551.74,41,-2.61,-0.32,-1.87,-0.59,9 EMA
ATUL,5982.5,6087.16,6201.0,83,-26.16,-21.85,-1.72,-3.52,9 EMA
ABFRL,46.24,48.54,50.18,95,-0.57,-0.39,-4.73,-7.86,No
SCHAEFFLER,3920.0,3998.18,4007.0,55,-19.55,-8.7,-1.96,-2.17,9 EMA
EXIDEIND,407.0,419.44,425.05,67,-3.11,-1.81,-2.97,-4.25,9 EMA
POLYCAB,8102.5,8285.49,8428.6,72,-45.75,-32.61,-2.21,-3.87,9 EMA
SUPREMEIND,3445.8,3472.44,3477.96,50,-6.66,-3.22,-0.77,-0.92,9 EMA
BHARATFORG,1942.0,1969.6,1982.86,57,-6.9,-4.09,-1.4,-2.06,9 EMA
ADANIPOWER,196.3,201.54,204.37,82,-1.31,-0.81,-2.6,-3.95,9 EMA
BANKINDIA,130.11,135.58,138.22,87,-1.37,-0.81,-4.04,-5.87,No
MFSL,1392.4,1469.6,1496.51,71,-19.3,-10.41,-5.25,-6.96,No
IDFCFIRSTB,79.46,83.38,84.51,77,-0.98,-0.51,-4.71,-5.98,No
UNIONBANK,166.0,175.43,178.33,87,-2.36,-1.23,-5.37,-6.92,No
ABCAPITAL,378.0,389.78,394.53,74,-2.94,-1.65,-3.02,-4.19,No
SYNGENE,367.2,377.22,383.56,82,-2.51,-1.64,-2.66,-4.26,9 EMA
GODREJIND,1055.7,1094.17,1122.07,89,-9.62,-6.64,-3.52,-5.92,No
FORTIS,822.0,859.92,880.97,86,-9.48,-5.9,-4.41,-6.69,No
CUB,214.91,222.99,225.21,73,-2.02,-1.03,-3.62,-4.57,No
DALBHARAT,1637.4,1698.27,1731.79,80,-15.22,-9.44,-3.58,-5.45,No
CANBK,119.51,122.97,124.25,74,-0.87,-0.47,-2.81,-3.81,9 EMA
AAVAS,1248.4,1275.87,1289.81,72,-6.87,-4.14,-2.15,-3.21,9 EMA
SUMICHEM,431.15,449.12,468.08,96,-4.49,-3.69,-4.0,-7.89,No
M&MFIN,328.05,340.76,351.77,91,-3.18,-2.37,-3.73,-6.74,No
CRISIL,4464.1,4566.18,4592.18,76,-25.52,-12.81,-2.24,-2.79,9 EMA
CUMMINSIND,4800.0,4938.01,5022.38,82,-34.5,-22.24,-2.79,-4.43,9 EMA
OIL,459.45,472.48,476.47,79,-3.26,-1.7,-2.76,-3.57,9 EMA
IDEA,13.56,14.03,14.24,83,-0.12,-0.07,-3.35,-4.77,No
INDHOTEL,714.35,724.01,724.92,52,-2.41,-1.06,-1.33,-1.46,9 EMA
TATAPOWER,359.0,364.43,365.87,55,-1.36,-0.69,-1.49,-1.88,9 EMA
IOB,30.95,31.86,32.32,85,-0.23,-0.14,-2.85,-4.24,9 EMA
THERMAX,3291.0,3447.33,3587.03,96,-39.08,-29.6,-4.53,-8.25,No
ENDURANCE,2654.8,2682.04,2723.79,74,-6.81,-6.9,-1.02,-2.53,9 EMA
JINDALSTEL,1130.0,1142.03,1138.22,48,-3.01,-0.82,-1.05,-0.72,9 EMA
HATSUN,1099.7,1144.27,1142.65,69,-11.14,-4.29,-3.89,-3.76,No
SOLARINDS,18650.0,19454.42,19866.44,92,-201.11,-121.64,-4.13,-6.12,No
FEDERALBNK,320.2,328.33,335.43,87,-2.03,-1.52,-2.47,-4.54,9 EMA
SJVN,59.83,62.29,63.74,91,-0.61,-0.39,-3.94,-6.14,No
ESCORTS,2706.2,2797.33,2863.93,88,-22.78,-15.77,-3.26,-5.51,No
MGL,1050.5,1068.45,1078.14,75,-4.49,-2.76,-1.68,-2.56,9 EMA
MANAPPURAM,316.45,321.03,326.67,75,-1.14,-1.02,-1.43,-3.13,9 EMA
VINATIORGA,1174.3,1211.49,1245.66,91,-9.3,-7.14,-3.07,-5.73,No
UCOBANK,23.05,23.62,24.06,81,-0.14,-0.1,-2.41,-4.2,9 EMA
EMAMILTD,381.05,383.51,381.78,44,-0.62,-0.07,-0.64,-0.19,9 EMA
ZYDUSWELL,506.1,524.44,530.92,81,-4.58,-2.48,-3.5,-4.68,No
MOTILALOFS,996.2,1012.2,1007.63,52,-4.0,-1.14,-1.58,-1.13,9 EMA
SKFINDIA,1514.0,1526.14,1534.21,56,-3.03,-2.02,-0.8,-1.32,9 EMA
BHEL,413.35,419.61,422.14,65,-1.57,-0.88,-1.49,-2.08,9 EMA
JKCEMENT,4824.5,4988.89,5029.14,63,-41.1,-20.46,-3.3,-4.07,No
GODREJAGRO,631.7,652.85,647.84,54,-5.29,-1.61,-3.24,-2.49,21 EMA
JSWENERGY,501.15,509.47,519.15,78,-2.08,-1.8,-1.63,-3.47,9 EMA
CENTRALBK,30.04,30.85,30.91,56,-0.2,-0.09,-2.62,-2.8,9 EMA
RBLBANK,402.0,410.42,406.87,50,-2.1,-0.49,-2.05,-1.2,9 EMA
PRESTIGE,1417.5,1465.09,1497.18,86,-11.9,-7.97,-3.25,-5.32,No
TATACOMM,1654.7,1691.98,1715.09,71,-9.32,-6.04,-2.2,-3.52,9 EMA
VGUARD,307.05,313.8,320.28,82,-1.69,-1.32,-2.15,-4.13,9 EMA
METROPOLIS,562.3,579.19,580.71,61,-4.22,-1.84,-2.92,-3.17,9 EMA
SFL,631.5,643.29,655.23,81,-2.95,-2.37,-1.83,-3.62,9 EMA
RITES,192.31,200.09,204.69,89,-1.94,-1.24,-3.89,-6.05,No
SUNDRMFAST,1143.2,1183.26,1195.06,79,-10.01,-5.19,-3.39,-4.34,No
NLCINDIA,255.75,261.74,265.84,76,-1.5,-1.01,-2.29,-3.8,9 EMA
NAVINFLUOR,8234.5,8423.03,8429.26,56,-47.13,-19.48,-2.24,-2.31,9 EMA
ASTRAZEN,6254.5,6522.63,6746.47,94,-67.03,-49.2,-4.11,-7.29,No
KAJARIACER,1190.5,1204.49,1210.66,64,-3.5,-2.02,-1.16,-1.67,9 EMA
TIMKEN,3086.2,3181.11,3188.2,67,-23.73,-10.2,-2.98,-3.2,9 EMA
TATACHEM,613.85,653.75,657.61,71,-9.98,-4.38,-6.1,-6.65,No
ITI,243.4,251.73,258.7,91,-2.08,-1.53,-3.31,-5.92,No
INDIAMART,1612.9,1642.42,1671.97,81,-7.38,-5.91,-1.8,-3.53,9 EMA
SYMPHONY,580.4,586.37,592.02,64,-1.49,-1.16,-1.02,-1.96,9 EMA
JMFINANCIL,125.78,126.07,126.42,53,-0.07,-0.06,-0.23,-0.51,9 EMA
CHOLAHLDNG,1371.8,1433.96,1474.5,93,-15.54,-10.27,-4.34,-6.97,No
NATIONALUM,346.65,354.66,361.24,81,-2.0,-1.46,-2.26,-4.04,9 EMA
CESC,133.87,139.5,143.34,93,-1.41,-0.95,-4.04,-6.61,No
DEEPAKNTR,1529.0,1582.2,1619.46,86,-13.3,-9.05,-3.36,-5.59,No
BLUEDART,4576.0,4754.82,4843.21,90,-44.7,-26.72,-3.76,-5.52,No
MAHABANK,79.16,81.98,82.4,72,-0.71,-0.32,-3.44,-3.93,No
TIINDIA,2413.0,2522.05,2600.77,94,-27.26,-18.78,-4.32,-7.22,No
BBTC,1355.0,1425.28,1446.44,81,-17.57,-9.14,-4.93,-6.32,No
ERIS,1219.3,1265.98,1293.88,91,-11.67,-7.46,-3.69,-5.76,No
NH,1789.9,1855.89,1873.27,74,-16.5,-8.34,-3.56,-4.45,No
GRINDWELL,1916.7,1934.4,1946.01,55,-4.43,-2.93,-0.92,-1.51,9 EMA
GODFRYPHLP,1862.0,1946.72,1984.69,85,-21.18,-12.27,-4.35,-6.18,No
FINPIPE,151.15,152.87,154.0,66,-0.43,-0.28,-1.13,-1.85,9 EMA
BASF,3435.6,3544.83,3633.21,88,-27.31,-19.76,-3.08,-5.44,No
CREDITACC,1216.3,1312.02,1365.5,97,-23.93,-14.92,-7.3,-10.93,No
ASTERDM,733.95,752.74,761.68,77,-4.7,-2.77,-2.5,-3.64,9 EMA
KEC,378.35,394.15,403.78,90,-3.95,-2.54,-4.01,-6.3,No
CHAMBLFERT,413.55,416.83,418.88,61,-0.82,-0.53,-0.79,-1.27,9 EMA
BLUESTARCO,1529.5,1540.33,1529.89,41,-2.71,-0.04,-0.7,-0.03,9 EMA
VSTIND,202.96,205.16,206.96,64,-0.55,-0.4,-1.07,-1.93,9 EMA
PERSISTENT,5162.0,5330.83,5416.35,88,-42.21,-25.44,-3.17,-4.7,No
CHALET,840.75,867.73,870.12,64,-6.75,-2.94,-3.11,-3.37,No
ORIENTELEC,156.62,163.96,169.32,94,-1.84,-1.27,-4.48,-7.5,No
DIXON,13250.0,13364.22,13566.72,71,-28.55,-31.67,-0.85,-2.33,9 EMA
LINDEINDIA,6199.5,6212.5,6289.06,66,-3.25,-8.96,-0.21,-1.42,9 EMA
AVANTIFEED,747.5,758.89,783.0,88,-2.85,-3.55,-1.5,-4.53,9 EMA
HUDCO,165.57,171.55,175.02,81,-1.49,-0.95,-3.49,-5.4,No
TATAELXSI,3211.7,3245.79,3353.07,86,-8.52,-14.14,-1.05,-4.22,9 EMA
AMBER,6606.5,6948.55,7097.74,93,-85.51,-49.12,-4.92,-6.92,No
IEX,106.39,111.64,114.52,92,-1.31,-0.81,-4.7,-7.1,No
SPANDANA,226.67,228.23,232.35,76,-0.39,-0.57,-0.68,-2.44,9 EMA
CANFINHOME,731.7,753.23,771.67,89,-5.38,-4.0,-2.86,-5.18,9 EMA
KIOCL,336.1,341.07,351.81,84,-1.24,-1.57,-1.46,-4.47,9 EMA
VTL,529.55,552.1,564.95,90,-5.64,-3.54,-4.08,-6.27,No
IRCON,102.47,106.74,110.97,95,-1.07,-0.85,-4.0,-7.66,No
RADICO,4364.0,4467.42,4474.28,58,-25.85,-11.03,-2.31,-2.46,9 EMA
COCHINSHIP,1359.3,1369.97,1402.51,79,-2.67,-4.32,-0.78,-3.08,9 EMA
NESCO,1040.5,1072.19,1072.18,63,-7.92,-3.17,-2.96,-2.96,9 EMA
RALLIS,199.96,201.25,203.79,74,-0.32,-0.38,-0.64,-1.88,9 EMA
VIPIND,293.2,298.07,300.61,70,-1.22,-0.74,-1.64,-2.47,9 EMA
BDL,1085.1,1141.83,1184.4,94,-14.18,-9.93,-4.97,-8.38,No
JYOTHYLAB,184.26,191.25,194.89,90,-1.75,-1.06,-3.66,-5.46,No
DCMSHRIRAM,907.8,962.68,985.4,94,-13.72,-7.76,-5.7,-7.87,No
TATAINVEST,625.45,656.94,659.66,67,-7.87,-3.42,-4.79,-5.19,No
INDIACEM,303.7,326.96,340.92,96,-5.82,-3.72,-7.12,-10.92,No
HEIDELBERG,130.29,137.73,142.93,97,-1.86,-1.26,-5.4,-8.84,No
CEATLTD,3240.0,3331.97,3369.72,66,-22.99,-12.97,-2.76,-3.85,9 EMA
POWERINDIA,30735.0,31007.23,31524.41,73,-68.06,-78.94,-0.88,-2.5,9 EMA
KRBL,386.2,394.17,399.3,78,-1.99,-1.31,-2.02,-3.28,9 EMA
QUESS,342.1,348.25,349.07,54,-1.54,-0.7,-1.77,-2.0,9 EMA
FLUOROCHEM,4406.2,4487.07,4547.77,81,-20.22,-14.16,-1.8,-3.11,9 EMA
SUNTECK,280.3,283.71,287.87,69,-0.85,-0.76,-1.2,-2.63,9 EMA
BAJAJELEC,309.85,320.4,326.99,88,-2.64,-1.71,-3.29,-5.24,No
CERA,5124.5,5394.27,5541.1,93,-67.44,-41.66,-5.0,-7.52,No
CGCL,246.9,257.25,258.06,68,-2.59,-1.12,-4.02,-4.32,No
DCBBANK,202.37,213.43,214.78,77,-2.76,-1.24,-5.18,-5.78,No
NBCC,78.01,81.48,83.36,88,-0.87,-0.53,-4.26,-6.41,No
GPPL,160.54,162.03,161.37,41,-0.37,-0.08,-0.92,-0.51,9 EMA
MASFIN,281.4,284.56,289.39,78,-0.79,-0.8,-1.11,-2.76,9 EMA
STARCEMENT,178.1,185.97,189.01,83,-1.97,-1.09,-4.23,-5.77,No
OMAXE,109.48,115.72,116.39,83,-1.56,-0.69,-5.39,-5.94,No
TEAMLEASE,1148.6,1184.27,1213.52,90,-8.92,-6.49,-3.01,-5.35,No
KNRCON,119.33,120.32,121.78,73,-0.25,-0.25,-0.83,-2.01,9 EMA
PNBHOUSING,1098.2,1112.31,1129.04,79,-3.53,-3.08,-1.27,-2.73,9 EMA
RVNL,197.9,204.98,208.06,73,-1.77,-1.02,-3.46,-4.88,No
BRIGADE,563.05,600.69,616.93,95,-9.41,-5.39,-6.27,-8.73,No
INDIANB,795.25,825.22,841.66,90,-7.49,-4.64,-3.63,-5.51,No
THYROCARE,547.1,559.38,565.24,64,-3.07,-1.81,-2.19,-3.21,9 EMA
VMART,760.05,779.15,794.59,81,-4.78,-3.45,-2.45,-4.35,9 EMA
SUDARSCHEM,1197.3,1218.05,1216.67,61,-5.19,-1.94,-1.7,-1.59,9 EMA
AFFLE,1501.0,1560.38,1578.69,74,-14.85,-7.77,-3.81,-4.92,No
CYIENT,1055.3,1071.28,1058.38,41,-3.99,-0.31,-1.49,-0.29,9 EMA
VAIBHAVGBL,202.89,206.3,211.89,86,-0.85,-0.9,-1.65,-4.25,9 EMA
CENTURYPLY,665.0,694.48,713.74,93,-7.37,-4.87,-4.24,-6.83,No
EIDPARRY,696.25,704.45,724.64,84,-2.05,-2.84,-1.16,-3.92,9 EMA
ALKYLAMINE,1781.3,1839.16,1876.99,88,-14.46,-9.57,-3.15,-5.1,No
PNCINFRA,129.8,138.65,155.25,100,-2.21,-2.55,-6.38,-16.4,No
KEI,4461.0,4594.27,4755.45,87,-33.32,-29.44,-2.9,-6.19,9 EMA
LUXIND,1103.6,1136.28,1143.91,59,-8.17,-4.03,-2.88,-3.52,9 EMA
HATHWAY,9.49,9.81,10.05,88,-0.08,-0.06,-3.31,-5.57,No
FLFL,1.1,1.14,1.16,80,-0.01,-0.01,-3.3,-4.94,No
IIFL,607.5,610.26,614.39,55,-0.69,-0.69,-0.45,-1.12,9 EMA
CCL,1006.2,1042.71,1065.71,91,-9.13,-5.95,-3.5,-5.58,No
GARFIBRES,753.85,780.83,788.76,70,-6.75,-3.49,-3.46,-4.43,No
MAHSCOOTER,12341.0,12973.47,13098.86,70,-158.12,-75.79,-4.88,-5.79,No
KPRMILL,1081.5,1110.01,1119.6,74,-7.13,-3.81,-2.57,-3.4,9 EMA
JKLAKSHMI,490.15,504.58,513.21,78,-3.61,-2.31,-2.86,-4.49,9 EMA
TASTYBITE,9611.0,9826.28,9878.31,76,-53.82,-26.73,-2.19,-2.71,9 EMA
INDOSTAR,209.04,222.28,232.93,97,-3.31,-2.39,-5.96,-10.26,No
BALRAMCHIN,672.9,675.71,676.17,58,-0.7,-0.33,-0.42,-0.48,9 EMA
CDSL,1261.9,1317.58,1340.47,85,-13.92,-7.86,-4.23,-5.86,No
BHARATRAS,1005.7,1092.62,1142.93,96,-21.73,-13.72,-7.95,-12.01,No
TRIDENT,22.49,23.03,23.39,82,-0.14,-0.09,-2.35,-3.86,9 EMA
VAKRANGEE,5.18,5.27,5.42,84,-0.02,-0.02,-1.7,-4.43,9 EMA
ICRA,4297.9,4455.31,4611.39,93,-39.35,-31.35,-3.53,-6.8,No
POLYMED,1644.7,1690.88,1709.39,74,-11.55,-6.47,-2.73,-3.78,9 EMA
CSBBANK,316.2,326.37,326.12,49,-2.54,-0.99,-3.12,-3.04,No
ZENSARTECH,429.0,433.75,442.83,76,-1.19,-1.38,-1.1,-3.12,9 EMA
HINDCOPPER,474.35,492.81,503.93,83,-4.62,-2.96,-3.75,-5.87,No
BAJAJCON,493.0,499.43,503.03,64,-1.61,-1.0,-1.29,-1.99,9 EMA
INGERRAND,4195.0,4254.21,4371.74,85,-14.8,-17.67,-1.39,-4.04,9 EMA
NETWORK18,25.88,26.53,27.05,77,-0.16,-0.12,-2.45,-4.34,9 EMA
JUSTDIAL,656.5,670.19,674.92,68,-3.42,-1.84,-2.04,-2.73,9 EMA
FSL,248.9,260.67,264.04,69,-2.94,-1.51,-4.52,-5.73,No
TRITURBINE,543.55,553.42,561.36,77,-2.47,-1.78,-1.78,-3.17,9 EMA
BEML,1966.6,2025.65,2013.59,51,-14.76,-4.7,-2.91,-2.33,9 EMA
IRB,16.98,17.84,18.45,95,-0.22,-0.15,-4.83,-7.98,No
HEG,240.0,251.93,340.1,99,-2.98,-10.01,-4.74,-29.43,No
MHRIL,194.49,197.99,201.59,71,-0.87,-0.71,-1.77,-3.52,9 EMA
MMTC,56.76,58.61,60.26,91,-0.46,-0.35,-3.16,-5.8,No
ELGIEQUIP,594.85,604.77,609.4,72,-2.48,-1.45,-1.64,-2.39,9 EMA
SCI,272.9,275.76,279.62,72,-0.71,-0.67,-1.04,-2.4,9 EMA
LEMONTREE,104.17,105.42,105.98,58,-0.31,-0.18,-1.18,-1.7,9 EMA
SONATSOFTW,260.85,274.3,279.71,78,-3.36,-1.89,-4.91,-6.74,No
VARROC,837.4,845.14,841.21,50,-1.93,-0.38,-0.92,-0.45,9 EMA
BSOFT,269.05,276.45,282.22,84,-1.85,-1.32,-2.68,-4.67,9 EMA
ESABINDIA,5510.0,5592.63,5726.09,83,-20.66,-21.61,-1.48,-3.77,9 EMA
GUJALKALI,627.15,633.61,651.59,84,-1.62,-2.44,-1.02,-3.75,9 EMA
LAOPALA,156.71,159.57,163.42,81,-0.71,-0.67,-1.79,-4.11,9 EMA
KARURVYSYA,318.15,325.01,330.09,84,-1.71,-1.19,-2.11,-3.62,9 EMA
JSWHL,11000.0,11131.6,11259.84,74,-32.9,-25.98,-1.18,-2.31,9 EMA
ADVENZYMES,282.15,289.3,293.08,73,-1.79,-1.09,-2.47,-3.73,9 EMA
SCHNEIDER,1192.7,1207.62,1216.1,64,-3.73,-2.34,-1.24,-1.92,9 EMA
GRSE,2206.1,2318.48,2392.42,91,-28.09,-18.63,-4.85,-7.79,No
RCF,108.11,108.98,110.9,75,-0.22,-0.28,-0.8,-2.51,9 EMA
DHANUKA,930.55,961.32,973.81,82,-7.69,-4.33,-3.2,-4.44,No
PRSMJOHNSN,109.27,114.09,113.49,49,-1.21,-0.42,-4.23,-3.72,No
NILKAMAL,1898.9,1911.83,1938.51,75,-3.23,-3.96,-0.68,-2.04,9 EMA
NAVNETEDUL,121.42,123.67,126.58,85,-0.56,-0.52,-1.82,-4.07,9 EMA
JINDALSAW,277.7,285.65,290.26,86,-1.99,-1.26,-2.78,-4.33,9 EMA
GSFC,151.65,153.51,153.88,62,-0.47,-0.22,-1.21,-1.45,9 EMA
DEN,25.91,26.37,26.78,80,-0.12,-0.09,-1.75,-3.24,9 EMA
ALLCARGO,10.53,10.99,11.26,92,-0.12,-0.07,-4.22,-6.48,No
FCONSUMER,0.22,0.22,0.22,76,-0.0,-0.0,-0.06,-1.58,9 EMA
VRLLOG,282.4,288.46,289.26,58,-1.51,-0.69,-2.1,-2.37,9 EMA
DBCORP,175.73,181.55,187.34,92,-1.45,-1.16,-3.2,-6.2,No
BALMLAWRIE,161.59,164.54,166.71,75,-0.74,-0.51,-1.8,-3.07,9 EMA
ECLERX,1769.7,1869.84,1890.33,74,-25.03,-12.06,-5.36,-6.38,No
JAGRAN,62.01,62.34,62.21,42,-0.08,-0.02,-0.52,-0.33,9 EMA
BSE,3200.0,3208.1,3264.21,74,-2.03,-6.42,-0.25,-1.97,9 EMA
JKPAPER,391.35,407.0,407.06,62,-3.91,-1.57,-3.84,-3.86,No
MINDACORP,672.75,680.82,689.47,76,-2.02,-1.67,-1.19,-2.43,9 EMA
KTKBANK,324.25,327.19,324.37,53,-0.73,-0.01,-0.9,-0.04,9 EMA
ACCELYA,1095.4,1111.17,1118.41,69,-3.94,-2.3,-1.42,-2.06,9 EMA
SOBHA,1216.5,1221.82,1234.72,62,-1.33,-1.82,-0.44,-1.48,9 EMA
SWSOLAR,171.08,175.62,180.65,88,-1.14,-0.96,-2.59,-5.3,9 EMA
HSCL,667.6,669.62,673.4,52,-0.5,-0.58,-0.3,-0.86,9 EMA
GREENLAM,214.3,224.26,231.26,92,-2.49,-1.7,-4.44,-7.34,No
VENKEYS,1633.0,1656.98,1652.41,59,-6.0,-1.94,-1.45,-1.17,9 EMA
JSL,738.3,743.97,740.74,46,-1.42,-0.24,-0.76,-0.33,9 EMA
PSPPROJECT,782.65,807.2,835.34,90,-6.14,-5.27,-3.04,-6.31,No
DIAMONDYD,1051.1,1078.42,1103.73,88,-6.83,-5.26,-2.53,-4.77,9 EMA
NIITLTD,86.37,88.96,91.34,86,-0.65,-0.5,-2.91,-5.44,9 EMA
ASHOKA,108.53,111.44,112.78,74,-0.73,-0.42,-2.61,-3.77,9 EMA
ARVINDFASN,410.15,419.86,429.37,86,-2.43,-1.92,-2.31,-4.48,9 EMA
AHLUCONT,551.55,576.01,599.99,93,-6.12,-4.84,-4.25,-8.07,No
HGINFRA,438.25,452.21,466.84,90,-3.49,-2.86,-3.09,-6.12,No
PRINCEPIPE,255.85,261.95,267.88,84,-1.52,-1.2,-2.33,-4.49,9 EMA
NCC,128.27,133.54,137.48,92,-1.32,-0.92,-3.94,-6.7,No
FACT,757.2,775.0,784.54,70,-4.45,-2.73,-2.3,-3.49,9 EMA
ITDC,657.15,670.96,669.27,58,-3.45,-1.21,-2.06,-1.81,9 EMA
