Ticker,Price,9 EMA,50 DMA,200 DMA,Bullish Score,Dist 50 DMA (%),Dist 200 DMA (%),Near DMA Zone
HDFCBANK,735.6,728.58,727.92,808.53,12,1.05,-9.02,50 DMA
ITC,269.0,266.39,272.64,298.26,7,-1.33,-9.81,50 DMA
DMART,3834.2,3782.92,3879.5,4004.9,13,-1.17,-4.26,50 DMA
HCLTECH,1258.0,1256.47,1298.44,1329.86,28,-3.11,-5.4,50 DMA
ULTRACEMCO,11155.0,11049.9,11485.98,11532.93,18,-2.88,-3.28,50 DMA
COALINDIA,426.1,421.98,411.25,422.55,66,3.61,0.84,50 DMA
POWERGRID,269.5,267.48,271.73,282.8,24,-0.82,-4.7,50 DMA
DABUR,385.6,385.58,399.75,445.73,2,-3.54,-13.49,50 DMA
HINDZINC,588.95,587.67,575.88,582.83,73,2.27,1.05,50 DMA
SBILIFE,1742.0,1740.29,1787.13,1884.16,4,-2.53,-7.55,50 DMA
SHREECEM,22520.0,22462.9,24552.5,25245.78,4,-8.28,-10.8,No
GODREJCP,880.0,875.04,950.75,1060.01,0,-7.44,-16.98,No
DIVISLAB,9619.5,9466.53,8681.96,6976.75,100,10.8,37.88,No
DRREDDY,1201.0,1190.36,1173.56,1242.61,17,2.34,-3.35,50 DMA
ADANIPORTS,1788.0,1778.26,1725.12,1623.6,77,3.65,10.13,50 DMA
ICICIGI,1553.7,1512.29,1578.68,1768.21,6,-1.58,-12.13,50 DMA
BERGEPAINT,458.35,456.66,499.03,488.11,14,-8.15,-6.1,No
SIEMENS,3877.0,3871.03,3894.19,3493.11,89,-0.44,10.99,50 DMA
JSWSTEEL,1277.0,1275.34,1285.93,1230.99,81,-0.69,3.74,50 DMA
CIPLA,1399.7,1387.34,1419.24,1374.23,36,-1.38,1.85,50 DMA
DLF,683.0,664.28,661.66,621.62,66,3.22,9.87,50 DMA
TORNTPHARM,4988.5,4938.39,4950.13,4419.63,77,0.78,12.87,50 DMA
BANDHANBNK,187.7,181.42,173.71,174.82,68,8.05,7.37,No
HEROMOTOCO,5360.0,5333.95,5425.9,5260.43,56,-1.21,1.89,50 DMA
TATASTEEL,187.97,186.72,186.21,191.78,47,0.95,-1.99,50 DMA
PETRONET,286.5,286.23,284.53,279.21,79,0.69,2.61,50 DMA
BOSCHLTD,48250.0,47916.36,45734.27,38656.05,100,5.5,24.82,No
BANKBARODA,235.26,235.2,241.85,265.5,4,-2.72,-11.39,50 DMA
MUTHOOTFIN,2835.0,2831.77,2930.99,3310.34,3,-3.28,-14.36,50 DMA
UBL,1251.3,1247.38,1334.42,1437.08,0,-6.23,-12.93,No
AUROPHARMA,1712.0,1703.06,1635.97,1411.4,99,4.65,21.3,50 DMA
VEDL,266.35,265.54,269.41,463.94,13,-1.13,-42.59,50 DMA
ADANIGREEN,1296.6,1293.95,1334.32,1199.34,64,-2.83,8.11,50 DMA
WHIRLPOOL,918.9,810.92,786.13,834.95,48,16.89,10.05,No
3MINDIA,33925.0,33872.8,34365.8,33497.5,42,-1.28,1.28,50 DMA
IDBI,84.4,83.49,85.1,87.47,18,-0.82,-3.51,50 DMA
JUBLFOOD,484.55,483.03,475.62,477.99,54,1.88,1.37,50 DMA
PAGEIND,37695.0,36673.14,37287.95,36129.28,54,1.09,4.33,50 DMA
RECLTD,312.95,311.2,333.91,341.65,5,-6.28,-8.4,No
PIIND,2400.0,2368.03,2522.11,2863.0,0,-4.84,-16.17,50 DMA
SRF,2540.0,2530.73,2595.96,2693.98,7,-2.16,-5.72,50 DMA
COROMANDEL,1963.9,1951.58,1998.64,2062.41,9,-1.74,-4.78,50 DMA
APOLLOHOSP,8889.0,8883.63,8834.64,8008.86,81,0.62,10.99,50 DMA
VBL,434.8,426.39,430.97,465.56,11,0.89,-6.61,50 DMA
NAM-INDIA,1157.0,1155.54,1175.58,1024.54,66,-1.58,12.93,50 DMA
SANOFI,3140.2,3103.45,3233.08,3510.85,4,-2.87,-10.56,50 DMA
TVSMOTOR,4157.3,4131.82,4204.04,3748.39,87,-1.11,10.91,50 DMA
OBEROIRLTY,1858.5,1818.58,1830.87,1680.25,73,1.51,10.61,50 DMA
AJANTPHARM,3547.8,3539.39,3520.76,3070.52,91,0.77,15.54,50 DMA
LICHSGFIN,566.0,560.93,528.61,524.8,91,7.07,7.85,No
LALPATHLAB,1952.3,1928.7,1888.98,1580.82,96,3.35,23.5,50 DMA
SUNTV,513.2,486.66,477.93,533.6,28,7.38,-3.82,200 DMA
POLYCAB,8408.5,8366.3,8841.12,8374.88,50,-4.89,0.4,50 DMA
SUPREMEIND,3550.0,3473.92,3495.23,3554.46,60,1.57,-0.13,50 DMA
BHARATFORG,2008.0,1981.38,2067.46,1847.42,64,-2.88,8.69,50 DMA
APLLTD,863.75,842.61,821.01,772.7,78,5.21,11.78,No
CASTROLIND,201.67,194.55,186.5,178.82,98,8.13,12.78,No
UNIONBANK,180.2,179.29,180.28,170.78,89,-0.04,5.51,50 DMA
SAIL,185.0,181.25,177.51,168.21,98,4.22,9.98,50 DMA
CANBK,124.99,124.63,126.89,133.87,9,-1.49,-6.63,50 DMA
NATCOPHARM,839.3,829.1,875.63,942.44,1,-4.15,-10.94,50 DMA
TATAPOWER,367.5,366.76,371.7,385.45,9,-1.13,-4.66,50 DMA
PHOENIXLTD,1978.4,1936.97,1930.77,1816.42,74,2.47,8.92,50 DMA
JINDALSTEL,1164.8,1146.4,1117.64,1134.9,79,4.22,2.63,50 DMA
HATSUN,1165.3,1164.41,1044.1,955.12,100,11.61,22.01,No
ESCORTS,2855.7,2839.96,2989.99,3153.56,1,-4.49,-9.45,50 DMA
MANAPPURAM,334.0,324.46,344.66,308.99,67,-3.09,8.09,50 DMA
UCOBANK,23.9,23.87,25.33,26.44,1,-5.65,-9.59,No
EMAMILTD,389.25,382.98,391.48,435.13,8,-0.57,-10.54,50 DMA
MOTILALOFS,1029.0,1017.36,961.83,855.67,100,6.98,20.26,No
SKFINDIA,1539.8,1533.51,1535.87,1619.68,14,0.26,-4.93,50 DMA
CENTRALBK,31.18,31.17,31.05,33.8,10,0.41,-7.75,50 DMA
RBLBANK,415.05,413.9,390.53,341.5,100,6.28,21.54,No
NAVINFLUOR,8584.5,8479.58,8225.25,6987.45,98,4.37,22.86,50 DMA
KAJARIACER,1218.1,1212.62,1214.07,1087.32,76,0.33,12.03,50 DMA
SYMPHONY,588.8,588.34,623.12,744.98,0,-5.51,-20.96,No
JMFINANCIL,127.68,126.37,126.51,128.98,34,0.92,-1.01,50 DMA
NATIONALUM,358.7,358.58,369.47,369.24,52,-2.91,-2.86,50 DMA
MAHABANK,84.88,83.15,81.63,74.16,85,3.99,14.45,50 DMA
GRINDWELL,1972.7,1943.99,2020.97,1775.71,65,-2.39,11.09,50 DMA
FINPIPE,154.16,153.72,157.49,167.74,5,-2.11,-8.1,50 DMA
UJJIVANSFB,64.71,64.65,68.05,60.23,70,-4.91,7.43,50 DMA
CHAMBLFERT,417.95,417.45,428.67,441.73,12,-2.5,-5.38,50 DMA
BLUESTARCO,1565.0,1534.94,1551.36,1695.79,11,0.88,-7.71,50 DMA
CHALET,881.35,875.86,858.6,821.55,76,2.65,7.28,50 DMA
CARBORUNIV,1278.5,1201.21,1111.82,969.72,92,14.99,31.84,No
GALAXYSURF,2261.3,2224.21,2148.98,1926.08,100,5.23,17.4,No
DIXON,13390.0,13330.96,14017.53,12089.22,47,-4.48,10.76,50 DMA
ENGINERSIN,315.65,290.03,251.63,223.48,100,25.44,41.25,No
GMMPFAUDLR,1505.2,1428.88,1079.93,949.02,100,39.38,58.61,No
GRANULES,868.65,866.49,855.63,715.13,77,1.52,21.47,50 DMA
EDELWEISS,136.83,136.63,124.86,115.35,100,9.59,18.62,No
RADICO,4557.1,4497.02,4464.83,3511.49,94,2.07,29.78,50 DMA
LAURUSLABS,2007.0,1990.2,1848.3,1343.1,100,8.59,49.43,No
VIPIND,301.2,300.05,303.6,327.41,16,-0.79,-8.01,50 DMA
BIRLACORPN,850.3,834.65,882.81,952.28,2,-3.68,-10.71,50 DMA
FINCABLES,1460.9,1430.48,1216.22,986.8,100,20.12,48.04,No
APLAPOLLO,2214.7,2190.33,2065.61,1972.76,99,7.22,12.26,No
GESHIP,1497.2,1457.24,1368.88,1343.78,93,9.37,11.42,No
GPPL,163.2,163.03,155.44,158.06,61,4.99,3.25,50 DMA
REDINGTON,407.25,399.18,349.54,270.29,100,16.51,50.67,No
THYROCARE,566.85,565.98,581.72,478.07,84,-2.56,18.57,50 DMA
TECHNOE,1006.2,997.56,988.29,1066.12,13,1.81,-5.62,50 DMA
GULFOILLUB,1106.6,1080.58,1083.39,1021.56,80,2.14,8.32,50 DMA
SPARC,209.05,200.71,203.31,172.89,75,2.82,20.92,50 DMA
CYIENT,1094.7,1073.52,966.39,961.31,71,13.28,13.88,No
GRAPHITE,820.7,813.38,729.99,668.6,100,12.43,22.75,No
KEI,4673.5,4655.49,5136.94,4834.28,43,-9.02,-3.33,200 DMA
LUXIND,1174.7,1149.42,1193.69,1168.06,41,-1.59,0.57,50 DMA
IIFL,616.95,614.15,617.3,538.83,89,-0.06,14.5,50 DMA
BALRAMCHIN,685.8,675.34,657.97,534.39,98,4.23,28.33,50 DMA
RESPONIND,161.23,160.66,164.18,173.65,6,-1.8,-7.15,50 DMA
KSCL,804.55,740.05,768.08,857.48,19,4.75,-6.17,50 DMA
CAPLIPOINT,2835.1,2771.34,2618.77,2102.62,98,8.26,34.84,No
TCIEXP,501.55,499.46,540.94,533.63,14,-7.28,-6.01,No
POLYMED,1724.4,1718.86,1726.04,1569.46,67,-0.1,9.87,50 DMA
CSBBANK,333.7,330.2,329.18,376.91,12,1.37,-11.46,50 DMA
SHILPAMED,1013.45,1003.63,830.11,514.21,100,22.09,97.09,No
ZENSARTECH,434.9,434.5,475.82,536.37,4,-8.6,-18.92,No
INDOCO,254.46,252.67,237.88,221.74,82,6.97,14.75,No
WOCKPHARMA,2265.6,2206.43,1997.27,1645.87,100,13.43,37.65,No
RAIN,219.35,214.97,213.51,166.47,89,2.74,31.77,50 DMA
MHRIL,200.0,199.59,213.57,250.83,0,-6.35,-20.27,No
FMGOETZE,482.6,460.56,437.13,387.97,100,10.4,24.39,No
GNFC,630.3,601.5,547.81,483.41,100,15.06,30.39,No
DELTACORP,76.84,65.49,60.48,64.06,52,27.04,19.95,No
SONATSOFTW,279.9,278.57,298.62,285.63,30,-6.27,-2.01,200 DMA
SHOPERSTOP,423.55,397.77,397.78,361.05,76,6.48,17.31,No
MAHLOG,420.25,407.29,403.2,372.47,96,4.23,12.83,50 DMA
WELCORP,2832.4,2697.97,2177.25,1336.82,100,30.09,111.88,No
GREAVESCOT,234.78,208.55,206.14,181.82,72,13.9,29.13,No
SUPRAJIT,488.0,486.97,499.04,456.06,73,-2.21,7.0,50 DMA
PRSMJOHNSN,116.31,115.33,110.66,121.45,37,5.11,-4.23,200 DMA
KSB,819.1,808.15,818.01,815.0,51,0.13,0.5,50 DMA
GSFC,156.8,154.21,154.53,160.93,24,1.47,-2.57,50 DMA
TCI,883.7,842.84,891.03,957.19,8,-0.82,-7.68,50 DMA
RAYMOND,1196.65,1082.65,737.77,528.35,100,62.2,126.49,No
JAGRAN,62.65,62.51,62.31,60.27,66,0.55,3.95,50 DMA
KTKBANK,335.5,329.44,310.23,249.25,100,8.14,34.61,No
MAHSEAMLES,715.65,706.5,632.61,589.54,100,13.13,21.39,No
SOBHA,1226.6,1224.27,1296.77,1375.47,0,-5.41,-10.82,No
HSCL,678.75,670.17,713.51,580.73,68,-4.87,16.88,50 DMA
GAEL,163.87,161.86,166.11,150.4,83,-1.35,8.95,50 DMA
JSL,748.25,745.31,731.61,744.86,54,2.28,0.45,50 DMA
ASHOKA,113.12,112.66,116.26,131.93,4,-2.7,-14.26,50 DMA
SOLARA,739.15,729.76,607.98,544.73,100,21.58,35.69,No
AHLUCONT,585.55,584.56,703.0,803.34,0,-16.71,-27.11,No
ITDC,679.7,677.39,685.57,587.41,72,-0.86,15.71,50 DMA
